Ticker,Market Cap
AAPL,2829863354368.0
MSFT,2675043205120.0
NVDA,2301163732992.0
AMZN,1812206583808.0
META,1278814191616.0
BRKB,
GOOGL,1786628538368.0
AVGO,687848226816.0
TSLA,770131361792.0
GOOG,1786634698752.0
JPM,587966054400.0
LLY,662904504320.0
V,604030894080.0
XOM,452745854976.0
UNH,480269533184.0
MA,446527242240.0
COST,406626598912.0
NFLX,366100086784.0
PG,383969165312.0
WMT,666921795584.0
JNJ,369285431296.0
HD,351787909120.0
ABBV,330728505344.0
BAC,261460295680.0
KO,300948652032.0
CVX,252258779136.0
CRM,231370358784.0
CSCO,216975933440.0
PM,234438508544.0
WFC,199109443584.0
ORCL,359698595840.0
IBM,210934005760.0
ABT,215818780672.0
LIN,207116533760.0
MCD,214416883712.0
MRK,205796491264.0
GE,177916198912.0
PEP,201047752704.0
T,191226707968.0
ACN,178580389888.0
VZ,181143388160.0
TMO,165206360064.0
PLTR,173580091392.0
ISRG,161789820928.0
DIS,151004692480.0
RTX,156806316032.0
QCOM,140970754048.0
GS,146323046400.0
NOW,149011349504.0
INTU,156982444032.0
ADBE,148773634048.0
AMD,139328274432.0
PGR,151037853696.0
AMGN,158147788800.0
TXN,137752494080.0
CAT,137682649088.0
SPGI,138467377152.0
BKNG,140580978688.0
AXP,163835379712.0
UBER,135137230848.0
BSX,132672569344.0
UNP,127810560000.0
NEE,137739599872.0
BLK,127714213888.0
TJX,136464941056.0
HON,124128026624.0
GILD,133701066752.0
PFE,130273206272.0
CMCSA,126210449408.0
COP,109085229056.0
MS,161011826688.0
SYK,131988045824.0
C,109409959936.0
LOW,124976971776.0
DHR,130047344640.0
SCHW,125407428608.0
FI,110932803584.0
ADP,116418002944.0
BA,102771269632.0
VRTX,122015776768.0
TMUS,283277131776.0
CB,112464257024.0
BMY,112522223616.0
AMAT,103139385344.0
MMC,113466269696.0
DE,116670021632.0
MDT,106296918016.0
SBUX,93259849728.0
PANW,101678694400.0
ETN,96578895872.0
BX,152381243392.0
PLD,91056955392.0
AMT,103065542656.0
SO,97549393920.0
ELV,97095131136.0
ADI,81637654528.0
MU,72329134080.0
MO,94553079808.0
ICE,90046816256.0
LMT,101370716160.0
INTC,86557712384.0
LRCX,75851472896.0
XTSLA,
CME,91703066624.0
WELL,92911673344.0
WM,90605166592.0
DUK,92411232256.0
KLAC,76613345280.0
GEV,74207969280.0
CI,87405215744.0
MDLZ,85773967360.0
MCK,85611438080.0
CVS,80262529024.0
CRWD,79723388928.0
AJG,81643405312.0
SHW,83516407808.0
SPOT,103029030912.0
ANET,81178296320.0
ORLY,79556853760.0
KKR,85628379136.0
PH,66601119744.0
UPS,82812354560.0
MMM,68444852224.0
EQIX,74576756736.0
APH,71604076544.0
TT,71349207040.0
AON,81164533760.0
NKE,84500430848.0
TDG,69424324608.0
APP,74576584704.0
CL,74343964672.0
GD,67098181632.0
WMB,66613055488.0
MCO,72392728576.0
ITW,66174574592.0
ZTS,67943477248.0
APO,61999767552.0
EOG,60973191168.0
CDNS,63882240000.0
MSTR,76472770560.0
MSI,67141234688.0
CTAS,76852781056.0
CMG,64094031872.0
PNC,60589330432.0
NOC,70281928704.0
COF,57662140416.0
SNPS,60012662784.0
PYPL,57742053376.0
CEG,53563482112.0
USB,57381511168.0
DASH,68542865408.0
BDX,59534569472.0
REGN,62692421632.0
APD,58615750656.0
AZO,61113954304.0
HCA,81653227520.0
EMR,53328027648.0
ECL,67439419392.0
ROP,58181193728.0
OKE,50506936320.0
CRH,54729744384.0
AFL,55662211072.0
FTNT,65139789824.0
BK,52634673152.0
TRV,54926884864.0
SLB,47295926272.0
ADSK,52293627904.0
CSX,51284045824.0
AEP,55791067136.0
KMI,56193368064.0
NEM,49802350592.0
HLT,50248683520.0
SPG,55055888384.0
TFC,45414518784.0
MAR,59089539072.0
AIG,46088876032.0
JCI,47331962880.0
CARR,49402830848.0
FCX,41890586624.0
FDX,50344542208.0
MRVL,42809544704.0
HWM,45496233984.0
NSC,47720165376.0
ALL,49445904384.0
ABNB,66272129024.0
LNG,44117917696.0
PSX,40284635136.0
PCAR,47706091520.0
CPRT,52661727232.0
RSG,73518129152.0
RCL,47886118912.0
O,49181061120.0
PAYX,51622576128.0
WDAY,57759240192.0
DLR,47132114944.0
TGT,43607736320.0
COR,53927763968.0
SNOW,43610071040.0
MET,47052419072.0
AMP,40451710976.0
MPC,37717057536.0
GM,43959189504.0
KMB,45738127360.0
D,44937293824.0
PSA,49911398400.0
SRE,42948026368.0
EXC,45782634496.0
KVUE,42677989376.0
CCI,43969822720.0
BKR,35068293120.0
FICO,40916758528.0
KR,44398858240.0
YUM,41259651072.0
HES,41175478272.0
FAST,42676224000.0
TRGP,35072524288.0
DFS,36995997696.0
CTVA,38105407488.0
MSCI,39378157568.0
CMI,38240215040.0
GWW,45398171648.0
VST,33359196160.0
ROST,42848661504.0
URI,36884545536.0
VRSK,39977254912.0
VLO,32920922112.0
EW,40627965952.0
KDP,45871718400.0
MNST,55547916288.0
PEG,38753148928.0
OTIS,37657411584.0
CBRE,35428368384.0
XEL,39006404608.0
FIS,37025472512.0
PRU,34212839424.0
AXON,38607863808.0
LHX,37929893888.0
AME,35225837568.0
F,38095347712.0
PWR,35488976896.0
ED,38597832704.0
PCG,36062457856.0
CTSH,33999902720.0
EA,35272040448.0
COIN,40760274944.0
ETR,34043910144.0
SYY,34950594560.0
TTWO,34342592512.0
HIG,32411402240.0
DHI,41024405504.0
NET,33499881472.0
GEHC,27671099392.0
TEAM,49169539072.0
GLW,33474277376.0
ACGL,32999137280.0
CHTR,48041918464.0
WEC,33160599552.0
IDXX,31907485696.0
ALNY,30511122432.0
NU,46143266816.0
WTW,30688790528.0
GRMN,34336419840.0
OXY,38098804736.0
VEEV,34764881920.0
CAH,31314460672.0
VICI,32324454400.0
A,29365610496.0
CSGP,30628429824.0
ODFL,32319590400.0
LULU,31811979264.0
FERG,31218714624.0
IR,28094883840.0
GIS,32642496512.0
XYZ,31135064064.0
RBLX,35340206080.0
EBAY,29078401024.0
NDAQ,39253647360.0
RMD,30132703232.0
IT,29439805440.0
HUM,30628263936.0
EQT,27548006400.0
VMC,30480986112.0
WAB,27515527168.0
DD,24749971456.0
IQV,27281219584.0
EXR,30624436224.0
DDOG,30139238400.0
CNC,30720995328.0
AVB,27292135424.0
FANG,35708334080.0
EFX,26216525824.0
MTB,25796816896.0
MLM,28700510208.0
BRO,32965087232.0
TSCO,27856627712.0
ROK,25680009216.0
VTR,28673595392.0
STZ,31426238464.0
HUBS,26154780672.0
NUE,23796338688.0
BR,26333954048.0
HOOD,30557257728.0
ARES,37230878720.0
DTE,27350872064.0
RJF,25337122816.0
IP,25327491072.0
XYL,25454303232.0
AWK,28711469056.0
DAL,24062083072.0
ANSS,25142919168.0
MPWR,22850750464.0
VRT,22621902848.0
EQR,24965429248.0
AEE,25878435840.0
PPL,25467731968.0
KHC,35420114944.0
FITB,22430621696.0
DXCM,23459762176.0
CHD,26109808640.0
LEN,29171468288.0
KEYS,21950453760.0
TPL,24800600064.0
STT,22005063680.0
HPQ,21314514944.0
MCHP,19479805952.0
FTV,21822795776.0
EXE,23272327168.0
CPNG,36218130432.0
DELL,49986351104.0
IRM,22673868800.0
WBD,19809912832.0
GDDY,23241752576.0
GPN,20869953536.0
PPG,22504572928.0
TTD,22939156480.0
LPLA,22657347584.0
MTD,21313257472.0
TYL,23201695744.0
DOW,19902543872.0
CPAY,20272015360.0
CVNA,19012075520.0
DRI,22513463296.0
DOV,21045870592.0
SW,21432334336.0
VLTO,22031978496.0
ATO,23461584896.0
MKL,21901950976.0
CBOE,22522503168.0
DVN,19009116160.0
HSY,32863823872.0
CNP,23550390272.0
SBAC,23665614848.0
FE,22721449984.0
UAL,18877698048.0
TDY,20447934464.0
ADM,20800358400.0
EIX,21080064000.0
ES,21415563264.0
HAL,17222379520.0
CINF,20618043392.0
STE,20889102336.0
ZBH,21367422976.0
CMS,21742669824.0
CDW,19143770112.0
HBAN,18405449728.0
WY,19060795392.0
SYF,17031138304.0
WAT,19303790592.0
K,28390563840.0
FCNCA,21090508800.0
VRSN,22722920448.0
CTRA,19194091520.0
LYV,27927693312.0
INVH,19943213056.0
PHM,20408463360.0
HPE,16800688128.0
NRG,17028598784.0
EXPE,18279653376.0
MKC,20510853120.0
CCL,22355189760.0
USD,
NVR,22003052544.0
WRB,24812756992.0
TROW,18357188608.0
WSM,17498755072.0
IFF,18699343872.0
LH,18832500736.0
DG,20371492864.0
ZM,20679602176.0
RF,16895977472.0
ESS,18698358784.0
PFG,16453149696.0
ZS,27025813504.0
MAA,18365925376.0
NTRS,16769542144.0
BIIB,18001199104.0
LDOS,17070411776.0
LUV,15332140032.0
PODD,17223651328.0
FWONK,19872149504.0
NI,17515919360.0
PTC,16817685504.0
MOH,18965002240.0
DGX,18220367872.0
HUBB,16925979648.0
PINS,17484949504.0
LYB,18753400832.0
RBA,17193351168.0
CFG,14980583424.0
STLD,16370250752.0
CLX,17722114048.0
IBKR,61737058304.0
NTAP,15705288704.0
LII,18903494656.0
PKG,16494611456.0
DECK,16091078656.0
NTNX,15599726592.0
WSO,19478218752.0
SSNC,18320285696.0
SNA,16511082496.0
TSN,21303963648.0
EME,15552538624.0
ON,14223051776.0
ULTA,16282421248.0
TPR,13029524480.0
TW,28527872000.0
FDS,15827705856.0
SMCI,17697603584.0
FNF,16521400320.0
OKTA,15959324672.0
EQH,13882681344.0
BAX,14767082496.0
HEIA,
EXPD,15012757504.0
DOCU,14621802496.0
TRU,13874453504.0
GPC,16211125248.0
CASY,15137386496.0
DPZ,15235069952.0
NTRA,18097348608.0
TOST,17560500224.0
L,17483628544.0
BBY,12775202816.0
LNT,15761726464.0
BURL,14582138880.0
TRMB,13889705984.0
WST,14690600960.0
FFIV,13793312768.0
SUI,16537867264.0
DLTR,14528858112.0
RS,14025952256.0
COO,14750826496.0
EL,19039715328.0
DKNG,15833606144.0
GWRE,14616212480.0
ARE,14060545024.0
SFM,14323472384.0
CSL,14449657856.0
EVRG,15222259712.0
BALL,13723619328.0
TWLO,12757149696.0
EG,14469649408.0
OMC,14269451264.0
ROL,25325817856.0
RPM,13914914816.0
MAS,13337970688.0
BJ,15196843008.0
BLDR,14084459520.0
J,13657528320.0
UDR,15241106432.0
JBL,12802450432.0
GEN,14655637504.0
KEY,14759348224.0
PNR,12993037312.0
AVY,13443961856.0
USFD,14230511616.0
ZBRA,11430016000.0
WDC,10622544896.0
KIM,13127920640.0
DT,12575693824.0
APTV,12160637952.0
AMCR,13326035968.0
FTI,10581591040.0
PSTG,12121535488.0
DOC,12875123712.0
GGG,12739663872.0
BAH,13545823232.0
CF,12163743744.0
FSLR,13777809408.0
IEX,12275160064.0
ITCI,14047055872.0
TXT,11028026368.0
JKHY,12583600128.0
UNM,12581289984.0
WPC,12952430592.0
HOLX,13737502720.0
REG,12558983168.0
UTHR,13135022080.0
LVS,23580174336.0
RGA,11382605824.0
TER,11052443648.0
THC,11447812096.0
SOFI,10493887488.0
ILMN,11746945024.0
GLPI,13161751552.0
ELS,13226315776.0
ENTG,9894879232.0
ACM,11842582528.0
MDB,12534567936.0
RNR,11401806848.0
BMRN,11496221696.0
RVTY,11394741248.0
CPT,12014673920.0
KMX,11645735936.0
EWBC,10250097664.0
OC,11474415616.0
INSM,12578308096.0
XPO,10783399936.0
JBHT,13467077632.0
FOXA,21605447680.0
TKO,11383279616.0
AMH,14951917568.0
CAG,12736017408.0
AFRM,11443467264.0
DUOL,13250711552.0
ALGN,11297967104.0
RPRX,17933453312.0
CW,10673364992.0
FIX,10541849600.0
SJM,12254982144.0
AR,10412082176.0
AKAM,10767215616.0
PFGC,11447507968.0
HEI,29293805568.0
POOL,11883118592.0
DKS,14603210752.0
JLL,10406291456.0
FTAI,9057304576.0
JNPR,11311801344.0
CHRW,10751563776.0
OVV,8575072256.0
NDSN,10058004480.0
TXRH,10622792704.0
SWK,9717349376.0
SCI,11106920448.0
LKQ,10675653632.0
ALLE,10668945408.0
PAYC,11207855104.0
NLY,11251960832.0
Z,16060561408.0
OWL,24284706816.0
MANH,9231654912.0
RGLD,10239414272.0
GL,9757721600.0
ITT,9178663936.0
WWD,9336718336.0
PNW,10848727040.0
TOL,10029215744.0
AVTR,10309915648.0
LECO,9638263808.0
AIZ,9498593280.0
UHS,11379826688.0
CNH,13378988032.0
TAP,12392658944.0
NBIX,9536640000.0
KNSL,10686886912.0
EXEL,9675486208.0
BXP,10662377472.0
CCK,9736083456.0
SOLV,11452798976.0
SWKS,8105688576.0
EMN,8720693248.0
NWSA,14515104768.0
DOX,9388043264.0
FHN,8334500864.0
EHC,9865453568.0
CLH,10195092480.0
VTRS,9095917568.0
BG,9806456832.0
SGI,11828684800.0
RIVN,12675259392.0
HST,9304027136.0
OHI,10801490944.0
BRBR,8961850368.0
LAMR,10754756608.0
ALLY,9865176064.0
WTRG,10899729408.0
PEN,10101950464.0
INCY,11723683840.0
CG,12963575808.0
DTM,8861783040.0
SAIA,8585978880.0
CNM,9135490048.0
JEF,8897625088.0
RBC,9710598144.0
ATR,9247127552.0
IPG,8831781888.0
RL,12205841408.0
PRI,8217306112.0
AFG,10229859328.0
BWXT,8156063232.0
OGE,8790024192.0
RRC,8072522240.0
LBRDK,11045885952.0
EPAM,8230001152.0
PR,8637614080.0
BLD,8863958016.0
SSB,8259220480.0
X,8669047808.0
SF,8210132992.0
ORI,8971980800.0
AIT,8091853824.0
CIEN,7604810752.0
ACI,12728955904.0
CUBE,9099260928.0
ARMK,8313692672.0
TECH,8176311808.0
NVT,7448133120.0
FYBR,8899343360.0
INGR,8401292288.0
CHE,8743087104.0
WBS,7155366400.0
HRL,16904326144.0
MRNA,9708103680.0
G,8268739584.0
ROKU,8067784192.0
CACI,8656470016.0
MUSA,9304347648.0
AES,7674292736.0
COHR,7838231552.0
CRS,7575204864.0
HAS,
MOS,
HSIC,
DAY,8148910592.0
MLI,7819373568.0
QGEN,8268597760.0
ALSN,7324348928.0
EGP,8346209792.0
HLI,10268496896.0
PCTY,9773553664.0
FND,7693829120.0
WYNN,7441244672.0
GME,10502002688.0
AYI,7218766848.0
GMED,9467016192.0
COOP,8587212288.0
REXR,8198040064.0
NCLH,6902736896.0
ENPH,7586614272.0
ALB,6883759616.0
DCI,7271475200.0
PLNT,7816063488.0
MIDD,7266914816.0
FRT,7696342016.0
HII,7256624128.0
APG,8984552448.0
COKE,11386205184.0
TTEK,7799847936.0
WAL,6859193344.0
MORN,11495698432.0
LNW,6738721792.0
MTCH,7197329408.0
NYT,7745461760.0
PNFP,6745603072.0
BERY,7689120256.0
LAD,7410393088.0
CHDN,7544258048.0
MSFUT,
EXAS,7903875584.0
SCCO,62412783616.0
SNX,8040508928.0
BRX,7332718080.0
AXS,7135987200.0
WBA,9235369984.0
CR,7882890752.0
ESTC,7950005760.0
CMA,6772853760.0
EXP,7233062400.0
MEDP,8678875136.0
RRX,6556799488.0
MKTX,8026390016.0
APA,5526491648.0
WMS,7842802688.0
AOS,8897362944.0
LW,8325843968.0
SEIC,8762088448.0
HALO,7383567360.0
CBSH,7430381056.0
ADC,8011597824.0
JAZZ,6683004416.0
AGNC,8220866048.0
HRB,7431296512.0
NNN,7626659328.0
TTC,6561175040.0
AA,6422936576.0
SKX,7497621504.0
CRL,6723938816.0
MTZ,8410481152.0
AXTA,6485391360.0
GPK,7547380224.0
HQY,6815916544.0
CFR,6868005888.0
FBIN,6428773888.0
RYAN,18483902464.0
OLLI,6939125760.0
CPB,11566480384.0
EVR,6414002688.0
ZION,6107632640.0
GNRC,6668422144.0
BECN,7564631552.0
CWST,6878832128.0
ENSG,7430707200.0
MASI,7802682368.0
NFG,6613026816.0
WTFC,6442220032.0
KBR,6167602176.0
KD,6685298688.0
EXLS,6956391936.0
BBWI,5846227968.0
AZEK,6651531776.0
PCOR,8593643520.0
CORT,7854697984.0
BFAM,6572791296.0
DVA,11959200768.0
CHRD,5224367616.0
DOCS,9614519296.0
RGEN,6285274624.0
FN,6155301376.0
UGI,6663499264.0
CVLT,6131065856.0
QRVO,5262909440.0
KNX,6314798592.0
WCC,6640145920.0
MGM,7669900288.0
LSCC,5371074048.0
EAT,5998040064.0
RLI,7039684096.0
ESAB,6493254656.0
CART,9889671168.0
FR,6507175936.0
ALAB,8584379392.0
AAL,6220668928.0
PRMB,12554752000.0
FAF,6353313792.0
SSD,6201297920.0
UMBF,6311920640.0
WH,6381516288.0
WING,6483517952.0
LNTH,6238138880.0
BROS,8379834368.0
CAVA,8691588096.0
PARA,7890817536.0
TFX,5894671872.0
STAG,6260056576.0
VNO,6859445760.0
FOX,21607835648.0
VOYA,5407744000.0
ONB,5731980800.0
BPOP,5720467456.0
RKLB,7424531968.0
UFPI,6474149376.0
ATI,6065622528.0
FLS,5279022080.0
WEX,4926564864.0
PB,6138728960.0
MTG,5612075008.0
MAT,5311919104.0
AUR,9885641728.0
SNV,5397702656.0
OLED,5383945216.0
SLM,5374203904.0
U,6931531776.0
AWI,5676002816.0
MTSI,6665306624.0
CELH,9154428928.0
ESNT,5631705088.0
MTDR,4805444608.0
OSK,5336881152.0
TREX,5899244544.0
IDA,6179911168.0
GTLS,5278404096.0
FLR,5211949568.0
CE,4580796416.0
ONTO,5145790464.0
LNC,5107008000.0
HR,5710060544.0
NXT,5756542464.0
ALK,5456326656.0
BWA,5687670272.0
SPXC,5722918400.0
MMSI,5463706624.0
R,5583787520.0
STWD,6330411520.0
CROX,5642056704.0
THG,5681250816.0
MTN,5423344640.0
TMHC,6045271552.0
AM,7815635968.0
COLD,5518262784.0
HLNE,7732877824.0
VMI,5324408320.0
UHALB,
MHK,6612337664.0
TRNO,5754641408.0
KEX,5073505280.0
JXN,5110667264.0
DBX,7465528320.0
NOV,4558415360.0
CRDO,5654372864.0
BMI,5081321472.0
BFB,
LPX,5996236800.0
ACIW,5285760512.0
HIMS,5774094336.0
IVZ,5736779264.0
VNOM,8248617472.0
JBTM,5386213888.0
RITM,5440897024.0
SAIC,5332244992.0
SN,9836920832.0
BEN,9199719424.0
CFLT,6737102848.0
MDGL,6941794304.0
SRPT,5281457152.0
RHI,4947453440.0
POST,6637741056.0
ETSY,4756137984.0
CHX,4645980160.0
RMBS,4633608704.0
SIGI,5246127616.0
BSY,11717962752.0
OPCH,5508743680.0
XP,6981124096.0
GTLB,6738760192.0
RVMD,5822794752.0
BPMC,5219842048.0
FCN,5673958912.0
VFC,4503463936.0
AGCO,5917335552.0
CZR,4914461184.0
ARW,4789426176.0
EPRT,5785620480.0
SITE,5009312768.0
OMF,4897669120.0
CMC,4627390976.0
HOMB,4987601408.0
NXST,4680721408.0
GNTX,5009440768.0
SNDK,4361825280.0
LRN,5443760640.0
WTS,6252026880.0
H,10474363904.0
KNF,4749805568.0
LOPE,4803074048.0
RHP,5076659200.0
AAON,6033765888.0
FOUR,6459604992.0
MSA,5267202048.0
DINO,5179308544.0
AMG,4353441792.0
VNT,4297430016.0
SKY,4992749056.0
MKSI,4066391808.0
WSC,4337877504.0
GATX,5201546240.0
TGTX,5866601984.0
GH,5008424448.0
AL,4699465728.0
CRUS,4423250432.0
CTRE,5248906240.0
GBCI,4376753152.0
FMC,4426597376.0
DAR,4621025792.0
LSTR,4825591808.0
ELAN,4542590464.0
MTH,4961894400.0
S,5574499840.0
ALKS,4888176640.0
CGNX,4225781504.0
APPF,7872538112.0
COLB,4366190080.0
BCPC,5067943936.0
IDCC,4913606144.0
SPSC,4864305664.0
MOGA,
RDN,4428659200.0
GPI,4983134720.0
ESI,4436871168.0
QTWO,4269785600.0
CSWI,4427214336.0
GKOS,4731863040.0
BBIO,5966228992.0
LAZ,3168047872.0
IONQ,4940059136.0
NJR,4799831552.0
ADMA,4279446272.0
ZWS,5004771840.0
HXL,3869945600.0
WHR,4744184832.0
FSS,4360500224.0
OZK,4330584576.0
PATH,5536989696.0
CWAN,5973759488.0
QLYS,4325890560.0
SIRI,6609382912.0
GLOB,4429599744.0
FNB,4129562624.0
JHG,4758251520.0
LEA,4360881664.0
CUZ,4371348480.0
KTOS,4252092416.0
ITRI,4319580160.0
KRG,4672969216.0
BIO,6402415616.0
NOVT,3744217856.0
CNX,4298736128.0
DLB,6986376192.0
BILL,4030984448.0
VRNS,4317417984.0
SWX,4950320640.0
PECO,4840742400.0
ABG,4178833920.0
HWC,3966143488.0
SON,4317793792.0
GXO,4104248064.0
AHR,4490602496.0
UBSI,4540730880.0
MGY,4094392064.0
SR,4422028288.0
LFUS,3770230528.0
IRT,4504121344.0
FFIN,4599762944.0
INSP,4223793920.0
VVV,4386220544.0
GTES,4032987136.0
MOD,3684386048.0
BRKR,5531163648.0
WTM,4554370048.0
TXNM,4749715456.0
LYFT,4531217408.0
IONS,4306361856.0
KRYS,4950296064.0
POR,4675778048.0
EEFT,4075926272.0
FIVE,3125154560.0
FCFS,5506908672.0
CBT,4243916544.0
CYTK,4423835136.0
GAP,7171932160.0
BIPC,4155162112.0
BOX,4286349824.0
AVT,3655684352.0
TKR,4216815872.0
PBH,4104206592.0
BDC,3585184512.0
CNO,3690524672.0
MMS,3885617664.0
CADE,4850565632.0
KAI,3599421696.0
LITE,3429552128.0
PIPR,3847496704.0
AN,6222611968.0
ROIV,6750173696.0
ORA,4142094080.0
BYD,5096809984.0
AROC,3824537344.0
ANF,3583571200.0
CLF,3441615616.0
CCCS,5542891008.0
AGO,3948161280.0
PVH,3564570880.0
SLGN,5106936832.0
TPG,15144616960.0
DY,4026935808.0
FELE,4003038208.0
PCVX,4068879360.0
SFBS,3861676544.0
VLY,4510221824.0
MARA,3907731968.0
ATGE,3652695552.0
BCC,3617758208.0
MAC,3827806208.0
MUR,3185421056.0
CVCO,3917949696.0
SPR,3404231936.0
OGS,4410182144.0
SEE,3558050304.0
RYN,3959926016.0
ITGR,3998965248.0
TENB,3855678976.0
EXPO,3916050432.0
CNR,3405496320.0
SBRA,4111102464.0
AXSM,4820947456.0
SLG,3823304192.0
BE,3826432768.0
MATX,3682347520.0
KMPR,3696694016.0
TDS,4085605888.0
NSIT,4213435904.0
SANM,3656092928.0
CALM,4526455296.0
LUMN,3352077056.0
BKH,4206246912.0
KBH,4125618176.0
ENS,3189371392.0
EPR,3562865920.0
ESE,3663161600.0
IBP,4809160192.0
BCO,3645774592.0
HRI,3481660416.0
WFRD,2898558208.0
MSGS,4344831488.0
THO,3800865280.0
MWA,3642515968.0
BC,3076552704.0
ESGR,4948056064.0
URBN,4318920192.0
ACA,3530880256.0
FRPT,3872641536.0
BHF,2848448256.0
RH,2727993344.0
KRC,3578609920.0
SKYW,3259087104.0
PRGO,3590236416.0
AUB,3658918656.0
VRRM,3573309440.0
PLMR,3555590400.0
CBZ,3903001856.0
AX,3302006272.0
CHH,5766714880.0
WK,3792433920.0
OGN,3366247424.0
NEU,5174482944.0
SKT,3464011776.0
NPO,3004544256.0
ST,2799613440.0
ALE,3781440768.0
AVAV,3150629120.0
BEPC,4645583872.0
MC,3570162944.0
MSM,3968499456.0
STRL,3192568320.0
GEO,3858000384.0
GFS,17438877696.0
SLAB,2990113792.0
STEP,5235426304.0
TCBI,2975043072.0
KFY,3217539584.0
M,3170172416.0
SM,2547924224.0
ASB,3215053056.0
PCH,3179702784.0
ELF,3097975040.0
PLXS,3034991872.0
COMP,4535096320.0
LINE,13690275840.0
CACC,5551861760.0
UPST,3261142784.0
NWS,14515105792.0
PTCT,3410312960.0
ASO,2519376640.0
CDE,3106283776.0
BXMT,3148768512.0
KTB,3203375360.0
HL,2982242048.0
ABCB,3509375744.0
BOOT,2992607232.0
SNEX,3349150720.0
CIVI,2258459904.0
FLO,3968102656.0
GLNG,3211895552.0
MPW,3147143936.0
MP,3768972544.0
DORM,3542878208.0
AEIS,2994304512.0
FUN,3159521536.0
HASI,3300399872.0
WLK,11366136832.0
IBOC,3543189760.0
RDNT,3605830656.0
NWE,3454842880.0
TNL,2728545536.0
PEGA,5437400064.0
PTEN,2186967552.0
SHAK,3341376768.0
OSIS,2930806016.0
NE,2923010816.0
MRP,3974135808.0
ROAD,3846521344.0
PJT,4924124160.0
WDFC,3320038144.0
MDU,3271339520.0
RARE,3045167104.0
CRC,3157224960.0
MGEE,3249514752.0
LLYVK,5924762624.0
HAE,3058459136.0
SWTX,2929240320.0
LANC,4957445632.0
FUL,2858670080.0
ZG,16082371584.0
AVNT,2785340160.0
FHB,2733405440.0
RUSHA,4047690240.0
OTTR,3214390528.0
IRTC,3151639040.0
SXT,3168391424.0
GVA,3129463040.0
ABM,2820326912.0
RNST,2788360448.0
TGNA,2561565952.0
VIRT,5451279360.0
RNA,3194032896.0
ALGM,3925544704.0
CRVL,5675694080.0
GHC,4028852224.0
AKRO,2924446208.0
ATMU,2726255616.0
DXC,2688577536.0
MIR,2941002496.0
FBP,2811957760.0
INTA,4045317888.0
MHO,3098916352.0
NSP,3151536384.0
GMS,2770541312.0
WSFS,2706317312.0
NHI,3263943680.0
TPH,2918886656.0
ICUI,3428693248.0
ADT,6834893824.0
GFF,3245355264.0
W,3307021312.0
SATS,6169443328.0
RXO,2373431296.0
SITM,2813565696.0
OLN,2313168384.0
WHD,2566560512.0
APLE,2749255680.0
CDP,3004845312.0
NMIH,2646815488.0
STNE,2902072576.0
WNS,2703245056.0
IAC,2842463232.0
AMED,3014938368.0
HOG,2842694912.0
CBU,2724255232.0
ZI,2750558464.0
HIW,2982889216.0
PRIM,2839174400.0
RELY,3743326720.0
WD,2656652800.0
POWI,2483081472.0
FTDR,2804997376.0
EBC,2879510784.0
BNL,3198737408.0
PAG,9464085504.0
BGC,3816975360.0
AWR,3023687168.0
CPRX,2801851392.0
GNW,2722524928.0
ASH,2320454912.0
SMPL,3419932928.0
FCPT,2771353600.0
FRSH,3705828352.0
YETI,2495982848.0
XRAY,2702311424.0
PSN,6287029760.0
AMTM,4250520832.0
HEES,3407956736.0
WAY,6013269504.0
FULT,2756686080.0
PATK,2637438720.0
AVA,3268577280.0
WU,3391919104.0
GSHD,4042624000.0
HGV,3183264768.0
ASGN,2698570752.0
IRDM,2673744384.0
SARO,7736105984.0
PTGX,2727918080.0
CPK,3003526400.0
CARG,2745096704.0
NVST,2665470208.0
CATY,2677869568.0
CWT,2883402752.0
ENVA,2215928320.0
BWIN,2928491520.0
NOG,2319258112.0
DNB,3881200896.0
WSBC,2659631360.0
PENN,2185612800.0
LAUR,2861899008.0
BL,2781678080.0
ACLX,3219169024.0
EPAC,2145547904.0
CRNX,2502074112.0
UNF,3033804800.0
VIAV,2190270720.0
CNK,2898448896.0
HP,1969683840.0
INDB,2360184576.0
DEI,2830169088.0
NWL,2138501120.0
BUR,2615510272.0
FLG,4329676800.0
YELP,2319083776.0
BLKB,3062510336.0
TEX,2265405952.0
NSA,5394809856.0
SMTC,2422963200.0
CNXC,3083656448.0
BOH,2446894336.0
ACHC,2543028992.0
EVTC,2155245824.0
SOUN,2920401664.0
GPOR,2895810304.0
SIG,2354550528.0
CCOI,2810732288.0
JWN,3895399424.0
SRRK,2546805760.0
UCB,2896776960.0
OSCR,3257383936.0
REZI,2309854464.0
WEN,2609912320.0
VKTX,2539049728.0
ASTS,6351994368.0
RYTM,2968352768.0
CWEN,5530407424.0
HUN,2333422336.0
MAN,2439371008.0
PFSI,5333191680.0
LTH,6098085376.0
SFNC,2299280896.0
MGRC,2580822272.0
HURN,2468824320.0
PRGS,2416770304.0
BKU,2226087936.0
ZETA,2876436224.0
GT,2765605632.0
ALIT,2644267264.0
ALRM,2528516608.0
HCC,2137061120.0
FIBK,2584006144.0
TNET,3651670016.0
PDCO,2737379328.0
NUVL,4706846208.0
AKR,2376191232.0
LBRT,1792189440.0
VCTR,3475775744.0
DRS,7994513408.0
BFH,2016182784.0
HUBG,2045069184.0
CXT,2577350400.0
PSMT,2613347840.0
BANF,3338454016.0
SYNA,1890753408.0
BRZE,3241499392.0
PRVA,2665246464.0
LXP,2354638592.0
PK,1889446912.0
AI,2520713472.0
PFS,2021460480.0
CNS,3860619264.0
JOBY,4222699264.0
SG,2449286656.0
SLVM,2413492224.0
FOLD,2304300032.0
VAC,1886124672.0
TMDX,2277934592.0
CVBF,2352563456.0
PRCT,2808361984.0
OUT,2329998592.0
VCEL,2101696896.0
LCID,6911819776.0
CXW,2121862400.0
TBBK,2111111296.0
RNG,2051222272.0
COLM,3809798144.0
VAL,2100425216.0
PTON,1961523968.0
ACVA,2370896896.0
BOKF,5778668544.0
LCII,2072421504.0
IOSP,2156006656.0
CON,2641625088.0
PII,2052107264.0
BANR,1947667968.0
DOCN,2637742336.0
SMG,2954671616.0
LOAR,6496535552.0
HWKN,2241286656.0
FFBC,2110774528.0
ACHR,3363313920.0
AEO,1887303040.0
PAR,2108372864.0
AAP,2094756736.0
ATKR,1859593728.0
RIG,1916676480.0
NATL,1795902208.0
APLS,2506554368.0
TDC,1894778368.0
MQ,1871034624.0
CAKE,2359052288.0
VCYT,2256502016.0
CPRI,1712053248.0
APAM,2475408896.0
CURB,2438860544.0
SAM,2744243968.0
AVPT,2704310528.0
MRCY,2603293952.0
AZZ,2300929280.0
UE,2296036352.0
FORM,1862917248.0
HNI,1979944960.0
CHEF,2049425024.0
HHH,3397303808.0
TRN,2048149248.0
SPB,1645145088.0
ENR,2051693952.0
RIOT,2500485120.0
PPC,11860979712.0
YOU,3406719232.0
TRMK,1873828224.0
KAR,1924397952.0
TOWN,2304042240.0
QDEL,1897269888.0
IPAR,3344740608.0
TWST,2158773248.0
ACAD,2565214720.0
FRME,2086772864.0
VSEC,2189498880.0
PBF,1734720000.0
AIN,1883748352.0
TDW,1790133504.0
HBI,1652550016.0
COTY,4394844672.0
OII,1732356864.0
WAFD,2058354688.0
RKT,30604419072.0
BHVN,1897388416.0
PAYO,2234693376.0
BIRK,8240057856.0
PI,2083281280.0
RRR,3875198464.0
NTB,1555446272.0
IVT,2104596480.0
VC,1959003264.0
WLY,2264612096.0
LBTYK,3664546560.0
PHIN,1551733120.0
LIVN,1953947264.0
SHOO,1744447104.0
PRK,2306051072.0
BATRK,2396538368.0
ALHC,3474077696.0
AIR,1808078336.0
AMKR,3671372288.0
IPGP,2217633024.0
JJSF,2613649408.0
PRDO,1680155520.0
FWONA,19872139264.0
PYCR,4071692800.0
HAYW,2637518080.0
VERX,5533241344.0
FIVN,1743620864.0
AGX,1637194752.0
SSRM,1860377600.0
DIOD,1630781056.0
SYBT,1858037760.0
KNTK,2647670016.0
SHO,1663915904.0
ENOV,1853019392.0
VSH,1610167680.0
NMRK,2700462336.0
POWL,1984039936.0
CALX,2098100992.0
OI,1628664448.0
LZB,1541310976.0
MTX,1774606976.0
LBTYA,3667974144.0
KLIC,1554518784.0
EFSC,1768709376.0
TTMI,1806821504.0
NBTB,1834865152.0
WKC,1406817664.0
STRA,1998716032.0
ZD,1436857856.0
STC,1879990784.0
SXI,1662640512.0
CC,1587063296.0
TARS,1936575104.0
PINC,1931461248.0
ECG,1713572992.0
SDRL,1196016128.0
CENTA,2107297664.0
DV,2066849408.0
UEC,1809248896.0
GRBK,2573330944.0
CASH,1610286592.0
PPBI,1857392000.0
CRGY,2021258880.0
WERN,1727701888.0
NEOG,1692163200.0
REVG,1512016384.0
CLVT,2342450688.0
BUSE,1726606208.0
CLSKW,
MYRG,1699222656.0
GOLF,3632296704.0
PD,1417274752.0
FBK,1900137344.0
CCS,2013810048.0
ABR,2124350976.0
KMT,1478355456.0
PGNY,1930340480.0
PRKS,2295810048.0
CRK,5014773760.0
NVCR,1812498304.0
AGM,1832441984.0
DVAX,1569498112.0
ROCK,1558202752.0
CSGS,1650436480.0
DNOW,1608403968.0
STNG,1590339712.0
BFA,
EPC,1430945536.0
HE,1719765248.0
BCRX,1427196800.0
AMBA,1779824512.0
WRBY,1907154944.0
IGT,2935539200.0
SMMT,12806125568.0
CNMD,1738310912.0
HMN,1696732544.0
EXTR,1464287616.0
PLUS,1520861056.0
SGRY,2693910528.0
AGYS,1939303296.0
HI,1407703808.0
BANC,2091556736.0
MIRM,2060066816.0
SKWD,1997977984.0
DAN,1640852224.0
SHC,2931110656.0
AGIO,1475950080.0
NCNO,2497852672.0
MBC,1596888960.0
OSW,1589891712.0
OFG,1589956224.0
CHCO,1654441216.0
ARCB,1473053568.0
ACLS,1365109504.0
BEAM,1524556800.0
LMND,2051342080.0
DRH,1467270912.0
RAMP,1596012160.0
DNLI,1710632704.0
ADUS,1822923520.0
AS,13158332416.0
TGLS,3043176192.0
SEM,2038905088.0
KWR,1871348352.0
IIPR,1513768064.0
VYX,1190227328.0
SBCF,1942538496.0
GNL,1754288256.0
GBX,1430293120.0
ALG,2004493696.0
AVDX,1602817408.0
SLNO,3094450688.0
SUPN,1827366784.0
ANDE,1319991040.0
RGTI,2143709952.0
LGND,1917260160.0
HTH,1853821696.0
PAGS,2391102720.0
IART,1511173760.0
ICFI,1550291584.0
CWK,2081528960.0
UFPT,1434910464.0
CAR,2435300096.0
APGE,1877384704.0
RPD,1514783616.0
MTRN,1537760384.0
HLMN,1580605312.0
LMAT,1799725056.0
SJW,1826880512.0
VRE,1740896896.0
CRI,1347295360.0
OMCL,1531317248.0
MNKD,1440277376.0
ATRC,1530420224.0
BHE,1176302208.0
ELME,1407588480.0
ARQT,1747537664.0
UPWK,1607910144.0
VSCO,1337161856.0
JBLU,1396099584.0
BTU,1272806528.0
TGI,1942397568.0
BLX,1238746112.0
MLKN,1177435904.0
LNN,1301578240.0
PRM,1399358464.0
VSTS,1051325120.0
QS,2094661376.0
CABO,1434513664.0
LGIH,1511686656.0
KN,1118920576.0
JOE,2615345664.0
UPBD,1262170752.0
WOR,2325044224.0
CORZ,2117317376.0
IMAX,1289546112.0
TRIP,1641065472.0
UNFI,1488287616.0
MCY,2783831040.0
MGNI,1297995136.0
ARI,1210955264.0
ARWR,1466545536.0
AMRX,3435382784.0
STR,2470325760.0
WABC,1212607488.0
DBRG,1324078720.0
MSGE,1420417152.0
NGVT,1145287168.0
KGS,2750597632.0
INFA,5044325376.0
JBGS,1291154816.0
CODI,1273745536.0
DDS,5045766144.0
CUBI,1367564544.0
ADEA,1217837312.0
AMR,1416478976.0
WMK,2090543744.0
HRMY,1677932288.0
STEL,1318457472.0
ACMR,1281532800.0
DJT,3770310400.0
NWN,1658228608.0
TNC,1400685824.0
ASTH,1363635456.0
RLJ,1038375168.0
ANIP,1469410688.0
UTI,1372885376.0
WGS,2246025216.0
UVV,1333652736.0
AZTA,1330655872.0
IESC,3212659968.0
WT,1166090624.0
TPB,968496384.0
XHR,1039202752.0
PZZA,1188328960.0
INMD,1066218880.0
QCRH,1091817472.0
RUN,1581207808.0
GTY,1638724992.0
FCF,1437641856.0
NNI,3737286400.0
FBNC,1496914176.0
GO,1333803264.0
NIC,1530013824.0
PEB,1010032064.0
COCO,1592194432.0
AIV,1111609472.0
TRUP,1459130624.0
LBRDA,11053144064.0
NTCT,1385583232.0
INSW,1414833792.0
IDYA,1287675136.0
ATSG,1475947136.0
ALEX,1202646656.0
QBTS,1847152640.0
LKFN,1399416832.0
HCI,1475791616.0
GEF,2559918592.0
LLYVA,5928442368.0
KLG,1661878272.0
SOC,1648783104.0
LTC,1576681216.0
ROG,1128171392.0
SNDR,3801070080.0
RXRX,1704441728.0
SONO,1023518400.0
THS,1300270592.0
CTS,1081979392.0
PMT,1187389824.0
TDOC,1266068864.0
TALO,1258619392.0
REYN,5032909824.0
UI,16541073408.0
TFIN,1206848000.0
HELE,1023021120.0
KYMR,1433316224.0
ALKT,2419493376.0
SMR,1615017600.0
PHR,1428756992.0
APOG,990756992.0
INVA,1110609792.0
BLBD,1041363008.0
SCL,1093010432.0
PLAB,1112965376.0
MSEX,1140507008.0
AESI,2288536832.0
UAA,2227999488.0
EIG,1170607104.0
JAMF,1397422848.0
WWW,954589952.0
LENB,
EVRI,1165180160.0
STBA,1296529152.0
NHC,1436246656.0
NAVI,1139354624.0
OCUL,1010584832.0
NWBI,1425617792.0
NEO,1127887488.0
DHT,1517273088.0
UA,2227996160.0
INOD,938051968.0
UNIT,1135664896.0
LADR,1347323648.0
LZ,1380545664.0
VRNT,944502144.0
VSAT,1149168000.0
CNNE,1060597376.0
USLM,2454806016.0
ADNT,974458688.0
EWTX,1210172928.0
NBHC,1304722944.0
ASAN,3298011392.0
TWO,1200425472.0
GIII,1123409920.0
CSTM,1207028480.0
SPNT,1861992448.0
HLIT,975051456.0
VECO,1038801472.0
SDGR,1316882432.0
TPC,1070183360.0
PWP,1379572992.0
TNDM,1122069248.0
DESP,1581973120.0
SPT,1167880832.0
HOPE,1190620032.0
AGL,1711057536.0
AUPH,1072617664.0
CRAI,1125904768.0
VRTS,1095603968.0
FL,1200223616.0
MD,1159386240.0
MFA,982179904.0
ESRT,2106747648.0
APPN,1954790656.0
HLX,1021312192.0
LQDA,1100350592.0
BHLB,1091764096.0
TVTX,1330687744.0
PRA,1188904960.0
ACT,5033751040.0
SAFT,1135495680.0
LEG,970312000.0
CSR,1066291456.0
BFC,965482240.0
PRG,1023235968.0
DBD,1435158656.0
VBTX,1174904960.0
LFST,2553412096.0
FLYW,1124696320.0
BKD,1163097984.0
DK,747961152.0
NN,1562964352.0
TILE,1076628992.0
DRVN,2637775616.0
NVEE,1174098560.0
PCRX,1068980224.0
EVH,1164744064.0
ENVX,1206938880.0
CERT,1537721984.0
UMH,1473635328.0
AMPH,1267969152.0
AMWD,851511808.0
DFIN,1149763072.0
SCS,1214551040.0
TCBK,1196495872.0
SFL,964547968.0
CLDX,1047536320.0
PEBO,973083072.0
MCRI,1347490304.0
BBSI,1019632512.0
CENX,1383937920.0
HUT,1182919936.0
KOS,726415552.0
FA,2363246848.0
COMM,783950784.0
OXM,849837760.0
WGO,922876416.0
FIZZ,3997582592.0
CGON,1310930688.0
FDP,1464576128.0
BTSG,3000804096.0
FBRT,979998016.0
FUBO,956135552.0
FOXF,873874816.0
RDFN,1289167744.0
IMKTA,1179932160.0
LMB,786790656.0
DOLE,1336688896.0
LC,985306944.0
DEA,1097439872.0
VITL,1426419200.0
IDT,1233809152.0
SBSI,819226560.0
MRC,843617344.0
KW,1055761216.0
ARDX,1084519808.0
LILAK,1085979136.0
COLL,904188864.0
PLUG,1185447168.0
ARR,1205117696.0
FIHL,1712204160.0
VICR,1901731456.0
TXG,913595904.0
DCOM,1098378496.0
JBI,968145984.0
LGFB,
SAFE,1270610560.0
EYE,891041472.0
AORT,991245504.0
BKE,1840192896.0
IMVT,2476573184.0
GERN,878927488.0
HLIO,880015936.0
RSI,2330773248.0
IRON,1424934272.0
KALU,817100352.0
CXM,1842379136.0
OCFC,882455488.0
APLD,1096682880.0
PRLB,766738432.0
CNA,12675999744.0
PDM,831045440.0
AMSF,954610560.0
MDXG,1040403968.0
XPRO,921713792.0
ROOT,1708024064.0
USPH,1019363072.0
CIM,950031296.0
MODG,1149892864.0
AAT,1448199808.0
SNDX,967995008.0
PENG,815362752.0
KFRC,893443904.0
KSS,798193088.0
SBH,875784896.0
NXRT,1838237184.0
THR,844273920.0
GOGL,1369450880.0
ATEN,1104112384.0
NEXT,1479310464.0
CCB,1197320832.0
VERA,1358974848.0
KNSA,1479035904.0
EFC,1127133696.0
UCTT,825018496.0
CNOB,829268672.0
CWH,809285696.0
HLF,838090112.0
NTST,1254853248.0
WINA,1148147328.0
GBTG,3147957504.0
AMC,1144667520.0
VRDN,977005120.0
TNK,1185154432.0
SRCE,1340861184.0
GABC,1308416384.0
WTTR,1046133312.0
CBL,736274368.0
NVAX,1003666496.0
PARR,702213632.0
SXC,700870528.0
FMBH,756161920.0
DXPE,1152804992.0
OBK,948255424.0
SGHC,3028771584.0
CWENA,
CBRL,828424832.0
DGII,890008704.0
ERII,791905856.0
XMTR,1005021952.0
GSAT,2356897536.0
CDNA,957759616.0
ELVN,915892288.0
COUR,1009343616.0
SCSC,710240128.0
TROX,833510144.0
ADPT,1109907456.0
NSSC,738220416.0
ECPG,742011520.0
TRS,865223488.0
SABR,830050560.0
WSR,696371584.0
HCKT,750616064.0
SPHR,957294720.0
LOB,1109515136.0
BRSP,654596608.0
THRM,777010816.0
MXL,787938880.0
SWI,3180434944.0
PRO,797245632.0
BLFS,979413952.0
SPRY,1255933440.0
AAMI,851042240.0
IOVA,983630976.0
DX,1097381760.0
CPF,650236864.0
HFWA,730462272.0
RDVT,492032576.0
QNST,878086720.0
HG,1960594432.0
ATEC,1474644096.0
HSTM,951376256.0
AMN,778530240.0
CFFN,683350528.0
NX,831253312.0
STAA,785260352.0
BDN,694220032.0
UVE,626255424.0
BHRB,753934464.0
PNTG,845945088.0
UTZ,1207447040.0
ARIS,1482095360.0
AHCO,1362156800.0
FSLY,734267968.0
NTGR,576511936.0
RVLV,1339125760.0
CARS,684445248.0
BJRI,716759168.0
ORC,703003328.0
TMP,837755200.0
BLND,901027136.0
RXST,658375552.0
LQDT,914107392.0
DYN,936641856.0
ASTE,719922304.0
CMPR,1077706112.0
PRAA,757003904.0
MCBS,643452928.0
MBWM,640486528.0
UVSP,753754176.0
ARLO,867649856.0
BELFB,759824256.0
LEU,912524416.0
RYI,674283584.0
TREE,615569856.0
EVER,773781824.0
PGRE,954739200.0
SEB,2521558016.0
LPG,742230016.0
HCSG,740021056.0
VTOL,769914432.0
STGW,1416415488.0
PCT,1074677888.0
VMEO,783046976.0
BZH,635607168.0
MMI,1238264832.0
ALGT,853647872.0
ARRY,667341440.0
CDRE,1143927424.0
XPEL,753522432.0
RBCAA,1187166336.0
EMBC,697612800.0
WS,1136342144.0
DHC,550018048.0
RUSHB,4020500736.0
SAH,1901830272.0
WULF,997411968.0
MYGN,742343040.0
OSBC,666248064.0
OEC,649822528.0
SIBN,571843264.0
NRIX,738722944.0
SMBK,469696800.0
UTL,926190144.0
BRKL,876789248.0
TRNS,700351488.0
BY,1077324032.0
CTLP,545568448.0
RC,813482944.0
MRTN,1075331328.0
PFBC,1006623232.0
PRCH,573881280.0
ML,970811776.0
AGS,494275616.0
AXGN,719256384.0
CTBI,843724928.0
REPL,574530432.0
HSII,834148480.0
IBTA,1231401600.0
HAFC,616606400.0
PLYM,678185408.0
FNA,1095377920.0
MBIN,1532795648.0
ORRF,520989216.0
NG,881493504.0
CNXN,1544707712.0
SBGI,915946944.0
UWMC,9868616704.0
IAS,1154384000.0
WLFC,972467136.0
ATRO,790016384.0
SPNS,1433506688.0
RWT,711459008.0
TFSL,3285348352.0
LINC,484001696.0
CAL,540818688.0
JANX,1523138432.0
AAOI,542697856.0
HTB,564811200.0
NBBK,659439360.0
SPTN,683016320.0
PPTA,667365056.0
NRIM,377131296.0
BV,1173694976.0
CMRE,1073650944.0
CLB,561360448.0
BOW,1249674880.0
GRAL,754168192.0
AVDL,657079936.0
SENEA,602127040.0
HONE,413609568.0
ODC,631167680.0
BLMN,577529472.0
DAKT,579270464.0
AIOT,565813440.0
PRSU,872356096.0
MOFG,544746880.0
RDUS,816165888.0
INVX,1005143680.0
CECO,692801984.0
MATW,618754624.0
HROW,838586816.0
BXC,604451584.0
DFH,2092988800.0
OMI,630396672.0
CCRN,476110848.0
FIGS,645204416.0
UDMY,982497600.0
UFCS,683777600.0
DLX,668525120.0
GDYN,1150262912.0
ASIX,544509888.0
DAVE,927062336.0
AVNS,617362944.0
AMPL,1149169664.0
PLAY,648196288.0
FTRE,582692032.0
REX,614842560.0
GCMG,2330393600.0
SHEN,677475328.0
BBW,486524384.0
DEC,1049785664.0
CVLG,527290976.0
FG,4602532352.0
OSPN,527589536.0
COHU,622104448.0
AMSC,623463296.0
NWPX,394332032.0
GRC,854491968.0
NECB,268596096.0
ETD,676946624.0
KREF,656902016.0
PRAX,658328512.0
NTLA,686317696.0
VVX,1436013184.0
ABUS,618480384.0
ESQ,606474176.0
FCBC,663609792.0
EGBN,589174080.0
OPK,1229131392.0
MLAB,586829888.0
ZYME,761867008.0
TIPT,816992128.0
XRX,501124000.0
AVXL,696675776.0
OLO,971193600.0
ICHR,603459008.0
ECVT,653734208.0
HOV,618814976.0
NPKI,437100224.0
AOSL,543589184.0
PAX,1574651520.0
CCBG,577288000.0
BFST,645128896.0
FLNG,1130303360.0
AMTB,752021760.0
RGR,648358016.0
TRST,539398720.0
MCW,2362353664.0
VTS,836765504.0
ADTN,594117632.0
PL,958135744.0
EXPI,1441054720.0
HBNC,584952704.0
MBUU,559802432.0
HIPO,569605376.0
NFE,1494795136.0
EBTC,433573184.0
NNE,795213760.0
IBCP,588916224.0
BCML,269348416.0
REAL,588496640.0
SLQT,550860800.0
IE,628358080.0
YEXT,744996608.0
NVRI,438762912.0
NYMT,532536320.0
INN,456666176.0
FBIZ,369151264.0
PLSE,1014488896.0
DJCO,523685120.0
HTBK,520421376.0
LYTS,460490368.0
EQBK,628037056.0
UHAL,10425406464.0
SITC,614198656.0
CSV,588134272.0
BASE,745523968.0
OMER,409931136.0
DCO,806482624.0
IIIV,794280768.0
VTLE,531794912.0
ITIC,429513088.0
FWRD,398886048.0
PUMP,539573888.0
SEI,1071248000.0
ANGI,604364800.0
CAC,614890624.0
GLRE,446915104.0
CEVA,508813344.0
OPEN,714835776.0
SNCY,534596960.0
WEAV,695400896.0
NGVC,942701632.0
BBAI,823669952.0
BBUC,1665541120.0
UUUU,729937216.0
GOGO,977244032.0
WVE,925520640.0
TTI,330984992.0
CVI,1614527744.0
GOOD,645817280.0
IRMD,634737792.0
CASS,550844992.0
TALK,442989312.0
OFIX,568948032.0
UNTY,389530848.0
IBRX,2415240704.0
FRPH,533299168.0
LENZ,583358656.0
FIP,425003648.0
NCMI,544499392.0
MPB,469189440.0
NAGE,467668640.0
XNCR,612313920.0
AMAL,810454208.0
VEL,610578240.0
JACK,459199616.0
HTZ,1135285760.0
PFIS,413428832.0
DAWN,731783104.0
KOP,503477504.0
SWBI,402184704.0
GDEN,652170624.0
GSBC,599371968.0
PDFS,659458688.0
BHB,424961920.0
TK,488706080.0
BORR,418825184.0
CRMD,381965344.0
FOR,1069757696.0
EOLS,679742848.0
COGT,543064512.0
PGC,446767520.0
FMNB,454760512.0
ZVRA,380975936.0
SYRE,770687040.0
SHLS,524885536.0
WNC,435135296.0
MTUS,488031712.0
TBPH,417531840.0
HRTG,441673440.0
MCB,553285184.0
BVS,551086976.0
BATRA,2398281216.0
FRBA,341475904.0
ANAB,567642496.0
INGM,3707902464.0
ACIC,522214912.0
DGICA,651907648.0
JBSS,797442560.0
THFF,520013024.0
NABL,1282977280.0
TRML,329543680.0
KELYA,427213856.0
CARE,337479840.0
TRC,420754432.0
ZIP,513268864.0
GHM,293069952.0
PLTK,1816553600.0
ORGO,490824352.0
NFBK,425127680.0
AVBP,558545984.0
JELD,492559520.0
MLR,455398560.0
SMBC,534990368.0
LMNR,308572928.0
ACEL,818819712.0
GRNT,640983744.0
UHT,545713664.0
GLDD,543600832.0
CCSI,400274816.0
MTAL,672889920.0
ODP,413579808.0
SCHL,486761760.0
AROW,403061344.0
CWBC,317384672.0
ACNB,406210208.0
EBF,504644416.0
STKL,484330720.0
IIIN,468277472.0
CTRI,1395921024.0
CGEM,433579840.0
PTLO,720450176.0
AMRK,512867776.0
EE,2792963328.0
VIR,765257984.0
CTO,597806528.0
RICK,352901824.0
PRTA,584561216.0
SEZL,971601216.0
HBCP,337759264.0
WRLD,646731392.0
OUST,387115200.0
ASC,353998848.0
LIF,2400273408.0
XERS,678875392.0
PLOW,517635136.0
AMBP,1709421824.0
LGFA,
EHAB,411411968.0
MNRO,457327360.0
CLBK,1405476608.0
PLPC,663920832.0
BCAL,403406144.0
GNTY,424667104.0
SPOK,317515456.0
PGY,722863744.0
SMP,509382240.0
SCVL,541314048.0
TBCH,209896272.0
PSFE,848018304.0
LXU,391051232.0
KODK,427985984.0
GDOT,403468960.0
NAT,467969728.0
LGTY,507446464.0
SVRA,492004000.0
MCS,483679456.0
IMXI,375795968.0
HNRG,438978784.0
FC,268196000.0
MEG,410763680.0
GNK,500267424.0
OLP,538595648.0
MYE,387132480.0
BCAX,576311296.0
TRTX,609147776.0
CIFR,759210880.0
FSBW,281557856.0
CMCL,221890208.0
GRND,3575583744.0
HPP,374180000.0
OBT,255114144.0
HZO,429167968.0
LIND,437237088.0
CIVB,286525536.0
CLW,400519648.0
ARHS,1089502720.0
RPAY,481248032.0
OIS,225743344.0
EVCM,1756866560.0
FARO,453472800.0
NLOP,421016736.0
SRDX,419158720.0
ALX,1029680768.0
LOCO,276927968.0
GEFB,
ACCO,349584544.0
RES,933348992.0
AXL,403515552.0
CZNC,295093184.0
BFS,1172811264.0
TSBK,229435184.0
ETNB,842327680.0
ATEX,627490368.0
PX,1054156992.0
FISI,444123168.0
SPFI,514515552.0
FWRG,991232640.0
BIGC,430745824.0
RCKT,545945600.0
CMPO,1015958208.0
HBT,664956544.0
CWCO,381788928.0
SEMR,1249916416.0
MNMD,409250400.0
PRTH,521645952.0
BAND,353503936.0
NBN,701764992.0
RIGL,307958112.0
YORW,497873216.0
PHLT,202036176.0
SD,357708288.0
BGS,520729344.0
SVC,323275776.0
CCNE,425270688.0
BWB,339158528.0
DSGR,1195632512.0
MBCN,206477216.0
VREX,341392672.0
HIFS,480461696.0
WTBA,313423040.0
HY,654269184.0
CMCO,416311872.0
DNTH,517858240.0
FPI,499309344.0
HOUS,364451712.0
DNUT,751022976.0
REFI,297318752.0
MLNK,1272761216.0
WSBF,245554656.0
ANGO,369929760.0
CTKB,475239872.0
ONIT,216823808.0
ETWO,603224704.0
CNDT,402956704.0
HTLD,668858816.0
MGTX,447895808.0
AHH,694041984.0
FSBC,538988864.0
SSTK,550028736.0
FFIC,381676704.0
MGPI,576212416.0
ALT,326538048.0
INBK,206642624.0
CCO,455753920.0
KLC,1299246080.0
AMBC,327857216.0
PACS,1480398080.0
WASH,509467328.0
RRBI,332105344.0
DIN,329771680.0
CSTL,529506816.0
KURA,475646944.0
CYH,343742368.0
DSP,779276800.0
EGY,338202176.0
RM,274592672.0
AVO,717825216.0
EVLV,449017472.0
PUBM,400350240.0
REAX,858722112.0
MSBI,344341888.0
CHCT,485453888.0
SAGE,421758976.0
URGN,472467584.0
SLP,516450496.0
ACTG,283453696.0
FMAO,308256736.0
ARVN,451143680.0
ACCD,576411520.0
BMBL,616125312.0
ALRS,423477632.0
TCMD,312151904.0
PBPB,263537184.0
CLFD,359081408.0
ASPN,449113248.0
AQST,267941504.0
FDBC,241606928.0
AIP,245279712.0
BYRN,339101312.0
REPX,526234688.0
ILPT,209016000.0
KRNY,371979072.0
ORIC,346610784.0
BMRC,322815520.0
DHIL,373189184.0
GMRE,1051256768.0
TITN,346885504.0
CVGW,420584672.0
AMRC,568495744.0
JMSB,215273024.0
USNA,481686656.0
TSVT,259075072.0
LAB,405515008.0
NBR,416987136.0
XPER,313165920.0
KE,326086400.0
MVBF,212230832.0
SFST,254970400.0
PARAA,7883684864.0
HVT,303850368.0
FNLC,273625344.0
OOMA,334788000.0
METCV,
HAIN,339328320.0
ZIMV,263713936.0
RCUS,727127680.0
LAND,362932544.0
CENT,2107300096.0
ULH,650300480.0
PKST,443667840.0
RYAM,332423968.0
CLDT,313532736.0
CRMT,360630624.0
MTSR,1764839936.0
FRST,208165136.0
PACK,338619712.0
GTN,403847104.0
IMNM,515617664.0
RBBN,593947136.0
CRSR,709344064.0
GCT,533283808.0
MCFT,263014240.0
TWI,413312960.0
VPG,270979232.0
TTGT,659522240.0
FLGT,520395712.0
LUNR,795030720.0
SHBI,401894016.0
ANIK,198605760.0
GIC,837101888.0
TSHA,250102448.0
WOLF,410707488.0
MITK,337970432.0
TG,234639392.0
RMNI,294886080.0
TMCI,485294912.0
ARCT,247061376.0
PGEN,364613344.0
ESPR,243354256.0
SFIX,366427456.0
ENFN,1003954240.0
MLYS,778702592.0
THRY,477515808.0
MATV,264955536.0
LASR,325565824.0
JAKK,228720032.0
PACB,366357952.0
ABSI,290364832.0
IPI,342032128.0
ARKO,439929792.0
CLMB,456373952.0
AKBA,462378880.0
URG,219735120.0
NUS,320214848.0
PKE,249264256.0
GCI,418527936.0
ERAS,328588544.0
LXFR,269292928.0
ZUMZ,251177104.0
WLDN,557574144.0
NUVB,562207168.0
CRNC,297209120.0
PAHC,777264128.0
CMP,380592608.0
FLIC,248988304.0
KRUS,526202624.0
BLFY,195996832.0
PANL,270060864.0
MTW,277511648.0
UIS,280008288.0
VMD,271908608.0
QTRX,230406656.0
CZFS,266958672.0
ZEUS,322936928.0
NEWT,265273168.0
RBB,277121472.0
HNST,455243776.0
WOOF,791908224.0
ONTF,210779504.0
NVEC,279443328.0
SANA,333036992.0
CMTG,433418944.0
LILA,1087893888.0
ALNT,345071456.0
HYLN,225517792.0
ALDX,112849440.0
KIDS,563672768.0
OCGN,193313280.0
FLNC,782476160.0
CTOS,794291520.0
CELC,327310784.0
MOV,335686368.0
WOW,380219008.0
TDUP,305592864.0
EPM,157225408.0
MBI,217601008.0
BOC,444436544.0
BWMN,373413824.0
SHYF,281554368.0
RGP,171960352.0
CAPR,413826400.0
NNOX,280552800.0
KALV,532454080.0
INDI,305316832.0
DMRC,249311504.0
OSUR,232628288.0
IVR,475188896.0
KROS,404808736.0
HDSN,239936784.0
LOVE,222696752.0
WEST,597404288.0
GCO,198689408.0
BRY,183001904.0
ACDC,826518464.0
SKYT,292770112.0
SEAT,536929536.0
DBI,142006592.0
MXCT,283494400.0
AMPS,798896512.0
PAYS,104539280.0
FLWS,356166720.0
SIGA,385044864.0
CVRX,305141920.0
APPS,246766432.0
DENN,176563024.0
CRCT,1038277504.0
VNDA,241428240.0
RMR,268167632.0
CIO,201791008.0
MAX,525576160.0
AVNW,213979088.0
DDD,256166816.0
RGNX,315041568.0
CLNE,326463296.0
TRDA,298501120.0
MRVI,493411840.0
TH,650833600.0
DCGO,255977328.0
BLDE,204685824.0
GETY,558112960.0
UTMD,179942192.0
FULC,135488048.0
CMT,128957568.0
FFWM,391235648.0
CYRX,266771072.0
ADCT,116918880.0
ATXS,262701216.0
GLUE,242963712.0
LSEA,227064368.0
HRTX,319892992.0
INR,224600752.0
MEI,206292256.0
UPB,327209472.0
TRUE,123030960.0
HMST,214751088.0
ATNI,288105152.0
BHR,171531616.0
BSRR,354969952.0
GNE,404457984.0
KIND,536959808.0
EYPT,316839776.0
IRWD,216824048.0
BYON,209390512.0
EGHT,226513680.0
REI,187838672.0
CMPX,201891728.0
TBI,149133664.0
ASLE,361760320.0
BCBP,160641936.0
INSE,190755040.0
ONEW,224957648.0
EVGO,787250112.0
PSTL,410122624.0
EU,219527680.0
BTBT,367606560.0
ADV,417831680.0
RCEL,197681248.0
DOMO,265198944.0
KRRO,135012384.0
NRDS,612871552.0
TYRA,410916576.0
ARAY,161444672.0
HCAT,281544512.0
CERS,230379600.0
HOFT,98107264.0
BOOM,144264512.0
CHPT,264152864.0
LUNG,269023680.0
AVIR,238615312.0
AMCX,274082080.0
NVRO,224092480.0
AEHR,215707680.0
SVV,1218877440.0
MVIS,286655840.0
NVTS,344859296.0
STOK,321221536.0
SB,340022112.0
POWW,155571664.0
AURA,272723360.0
SEG,230697216.0
ACRE,221622272.0
CRGX,185130640.0
RLAY,339044000.0
EVC,175584256.0
PHAT,339828576.0
EAF,173449600.0
GPRE,264743248.0
WTI,183068640.0
FNKO,283177760.0
VERV,321440800.0
SSTI,197084528.0
AMPY,117368744.0
TCX,178728128.0
BYND,218496816.0
ANNX,185409904.0
RMAX,256810016.0
OLPX,737728256.0
NRC,284524192.0
NGNE,131231184.0
ALTG,135381968.0
IHRT,172874400.0
OPRX,143300608.0
MED,144269584.0
YMAB,205290624.0
NXDT,153583648.0
OABI,255262144.0
SMRT,194463376.0
ULCC,786624000.0
BBNX,429586592.0
QSI,206953840.0
LAW,232476080.0
GPMT,107960048.0
SSP,208352832.0
FDMT,128257648.0
MNTK,277746304.0
CDXS,176029248.0
OLMA,222082592.0
EB,183581040.0
XPOF,364519776.0
SLDP,177060016.0
SNBR,117094472.0
AVD,109393640.0
KOD,123958496.0
THRD,156961568.0
CBAN,256844656.0
JOUT,248934016.0
OFLX,332910016.0
IMMR,220295520.0
ITOS,205867264.0
TCBX,390501632.0
AFCG,114109808.0
LRMR,125494688.0
SEPN,243544896.0
LPRO,122178656.0
MYPS,168165904.0
JRVR,185772304.0
HUMA,209410672.0
SKIN,150294000.0
ALLO,312861600.0
ASUR,243894672.0
INGN,189285888.0
DSGN,192993184.0
WALD,311711328.0
FORR,179560256.0
LWLG,110736464.0
CCCC,92996496.0
SRI,113887280.0
CATX,133293240.0
PLL,126833432.0
NRGV,111409720.0
VYGR,170589312.0
MASS,134607296.0
IAUX,236088480.0
LESL,123898352.0
DH,283406624.0
GRWG,57085624.0
ONL,103915984.0
SLRN,244725312.0
BRCC,157012992.0
SCPH,116658648.0
FRGE,93093160.0
TERN,183324944.0
ENTA,100902728.0
TCRX,62249660.0
EWCZ,197033536.0
INBX,193108512.0
SES,191008912.0
RHLD,241967872.0
DXLG,73864360.0
NMRA,119297544.0
TTEC,193896672.0
INO,57200828.0
SUNS,131799128.0
INZY,52754052.0
EDIT,85465592.0
CDLX,73044296.0
RILY,100945400.0
LAZR,214489344.0
GPRO,79390944.0
CHGG,53710696.0
MGNX,66875716.0
LYEL,137222432.0
PLRX,82056648.0
PRME,184937008.0
ZNTL,84019456.0
ALEC,101067624.0
STHO,100163392.0
LXRX,151429008.0
TNGX,137297152.0
ZYXI,65291188.0
IRBT,67620984.0
CRBU,71381032.0
FCEL,94301352.0
FATE,86280080.0
NKTX,115660888.0
CRBP,61405644.0
STRO,45414588.0
ADRO,
CVGI,37758036.0
STEM,56960052.0
OB,313760928.0
CHRS,90608272.0
XFOR,37267864.0
VTYX,66848064.0
PROK,1819720704.0
SAVA,62800268.0
APLT,50603224.0
BMEA,79653056.0
AVTE,72172648.0
CABA,56324840.0
BLNK,83742552.0
SPCE,97347816.0
NOVA,37962388.0
CPS,243041184.0
PEPG,35798180.0
INH,
HLVX,71200360.0
TNYA,81096408.0
TPIC,34273792.0
IGMS,67546200.0
MRSN,37750728.0
GBIO,24960442.0
ALXO,27540858.0
SCLX,47295276.0
RAPT,139927408.0
OTLK,38420640.0
BLUE,48460844.0
MODV,16132500.0
QTTB,20004064.0
IPSC,37782360.0
AGEN,39481728.0
METCB,366922784.0
P5N994,
-,
PBI,1456918784.0
GTXI,
WLLBW,
RTYM5,
ESM5,
Â ,
